Company,Region,Category,Target Contact,Contact Method
"Entain Group (Ladbrokes, Coral)",Global,Operator Group,M&A / Brand Strategy,LinkedIn
Flutter Entertainment,Global,Operator Group,Corporate Development,LinkedIn
BetConstruct Clients,Global,White-label Clients,Founder / CEO,via BetConstruct
EveryMatrix Clients,Global,White-label Clients,Founder / CEO,via EveryMatrix
SoftSwiss Clients,Global,White-label Clients,Founder / CEO,via SoftSwiss
GR8 Tech Clients,Global,White-label Clients,Founder / CEO,via GR8 Tech
Better Collective,Global,Affiliate Group,M&A / New Ventures,LinkedIn
Catena Media,Global,Affiliate Group,Corporate Development,LinkedIn
Raketech,Global,Affiliate Group,M&A Director,LinkedIn
